,ds,trend,yhat_lower,yhat_upper,trend_lower,trend_upper,additive_terms,additive_terms_lower,additive_terms_upper,weekly,weekly_lower,weekly_upper,multiplicative_terms,multiplicative_terms_lower,multiplicative_terms_upper,yhat
0,2020-01-02,106.446082915652,63.66804558716156,156.0215166193451,106.446082915652,106.446082915652,4.724785144374071,4.724785144374071,4.724785144374071,4.724785144374071,4.724785144374071,4.724785144374071,0.0,0.0,0.0,111.17086806002607
1,2020-01-03,106.68791059059548,62.65932509524024,154.5448011808825,106.68791059059548,106.68791059059548,2.1872356016034344,2.1872356016034344,2.1872356016034344,2.1872356016034344,2.1872356016034344,2.1872356016034344,0.0,0.0,0.0,108.87514619219891
2,2020-01-06,107.41339361542585,66.39041277336484,160.90444304002654,107.41339361542585,107.41339361542585,4.480698481252695,4.480698481252695,4.480698481252695,4.480698481252695,4.480698481252695,4.480698481252695,0.0,0.0,0.0,111.89409209667855
3,2020-01-07,107.6552212903693,62.0319892057361,159.74372256016196,107.6552212903693,107.6552212903693,4.564475776255374,4.564475776255374,4.564475776255374,4.564475776255374,4.564475776255374,4.564475776255374,0.0,0.0,0.0,112.21969706662468
4,2020-01-08,107.89704896531278,63.53684799202154,161.80758955794914,107.89704896531278,107.89704896531278,4.626443976002198,4.626443976002198,4.626443976002198,4.626443976002198,4.626443976002198,4.626443976002198,0.0,0.0,0.0,112.52349294131497
5,2020-01-09,108.13887664025623,64.65771079587849,162.6350783870811,108.13887664025623,108.13887664025623,4.724785144377481,4.724785144377481,4.724785144377481,4.724785144377481,4.724785144377481,4.724785144377481,0.0,0.0,0.0,112.8636617846337
6,2020-01-10,108.3807043151997,61.6108308138438,157.80879711487654,108.3807043151997,108.3807043151997,2.187235601647745,2.187235601647745,2.187235601647745,2.187235601647745,2.187235601647745,2.187235601647745,0.0,0.0,0.0,110.56793991684744
7,2020-01-13,109.10618734003008,65.62563620855514,157.04619037603126,109.10618734003008,109.10618734003008,4.480698481255708,4.480698481255708,4.480698481255708,4.480698481255708,4.480698481255708,4.480698481255708,0.0,0.0,0.0,113.58688582128579
8,2020-01-14,109.34801501497354,62.054724625840905,158.92495302586312,109.34801501497354,109.34801501497354,4.564475776253877,4.564475776253877,4.564475776253877,4.564475776253877,4.564475776253877,4.564475776253877,0.0,0.0,0.0,113.91249079122741
9,2020-01-15,109.58984267041744,63.21400475908773,161.98813230572216,109.58984267041744,109.58984267041744,4.626443976001153,4.626443976001153,4.626443976001153,4.626443976001153,4.626443976001153,4.626443976001153,0.0,0.0,0.0,114.2162866464186
10,2020-01-16,109.83167032586135,63.98550269710209,162.2307279973161,109.83167032586135,109.83167032586135,4.724785144380893,4.724785144380893,4.724785144380893,4.724785144380893,4.724785144380893,4.724785144380893,0.0,0.0,0.0,114.55645547024224
11,2020-01-17,110.07349798130525,59.66671940750433,156.2026871535073,110.07349798130525,110.07349798130525,2.1872356016162566,2.1872356016162566,2.1872356016162566,2.1872356016162566,2.1872356016162566,2.1872356016162566,0.0,0.0,0.0,112.2607335829215
12,2020-01-21,111.04080860308085,64.41088146710982,164.56122614793918,111.04080860308085,111.04080860308085,4.56447577625238,4.56447577625238,4.56447577625238,4.56447577625238,4.56447577625238,4.56447577625238,0.0,0.0,0.0,115.60528437933323
13,2020-01-22,111.28263625852475,68.20108751163568,167.53239031337716,111.28263625852475,111.28263625852475,4.62644397600418,4.62644397600418,4.62644397600418,4.62644397600418,4.62644397600418,4.62644397600418,0.0,0.0,0.0,115.90908023452893
14,2020-01-23,111.52446391396866,66.74505295502529,166.1440221624004,111.52446391396866,111.52446391396866,4.724785144384304,4.724785144384304,4.724785144384304,4.724785144384304,4.724785144384304,4.724785144384304,0.0,0.0,0.0,116.24924905835296
15,2020-01-24,111.76629156941253,66.6782262867501,159.7263685979922,111.76629156941253,111.76629156941253,2.1872356016163654,2.1872356016163654,2.1872356016163654,2.1872356016163654,2.1872356016163654,2.1872356016163654,0.0,0.0,0.0,113.9535271710289
16,2020-01-27,112.49177453574423,70.47930244133894,166.5172364780189,112.49177453574423,112.49177453574423,4.480698481273145,4.480698481273145,4.480698481273145,4.480698481273145,4.480698481273145,4.480698481273145,0.0,0.0,0.0,116.97247301701738
17,2020-01-28,112.73360216379167,69.8529185600626,165.5931381217663,112.73360216379167,112.73360216379167,4.564475776248849,4.564475776248849,4.564475776248849,4.564475776248849,4.564475776248849,4.564475776248849,0.0,0.0,0.0,117.29807794004053
18,2020-01-29,112.97542979183909,71.47651447478658,166.49167591063878,112.97542979183909,112.97542979183909,4.626443975999463,4.626443975999463,4.626443975999463,4.626443975999463,4.626443975999463,4.626443975999463,0.0,0.0,0.0,117.60187376783855
19,2020-01-30,113.21725741988651,75.18398102817835,167.7449294606894,113.21725741988651,113.21725741988651,4.724785144379722,4.724785144379722,4.724785144379722,4.724785144379722,4.724785144379722,4.724785144379722,0.0,0.0,0.0,117.94204256426623
20,2020-01-31,113.45908504793394,69.9126558288253,163.57682070029017,113.45908504793394,113.45908504793394,2.1872356016501433,2.1872356016501433,2.1872356016501433,2.1872356016501433,2.1872356016501433,2.1872356016501433,0.0,0.0,0.0,115.64632064958408
21,2020-02-03,114.18456793207622,69.3882216907706,165.2314039675429,114.18456793207622,114.18456793207622,4.480698481241,4.480698481241,4.480698481241,4.480698481241,4.480698481241,4.480698481241,0.0,0.0,0.0,118.66526641331723
22,2020-02-04,114.42639556012365,73.50956013736086,169.50191570658177,114.42639556012365,114.42639556012365,4.564475776247354,4.564475776247354,4.564475776247354,4.564475776247354,4.564475776247354,4.564475776247354,0.0,0.0,0.0,118.990871336371
23,2020-02-05,114.66822318817107,71.7577156050876,165.70961563858876,114.66822318817107,114.66822318817107,4.62644397600249,4.62644397600249,4.62644397600249,4.62644397600249,4.62644397600249,4.62644397600249,0.0,0.0,0.0,119.29466716417356
24,2020-02-06,114.91005081621852,72.81039007914416,169.84576812966066,114.91005081621852,114.91005081621852,4.724785144374367,4.724785144374367,4.724785144374367,4.724785144374367,4.724785144374367,4.724785144374367,0.0,0.0,0.0,119.63483596059288
25,2020-02-07,115.1518784161859,68.1204163822241,164.39500656232582,115.1518784161859,115.1518784161859,2.1872356016502517,2.1872356016502517,2.1872356016502517,2.1872356016502517,2.1872356016502517,2.1872356016502517,0.0,0.0,0.0,117.33911401783615
26,2020-02-10,115.87736121608803,72.85321385176145,166.99326527392137,115.87736121608803,115.87736121608803,4.480698481249718,4.480698481249718,4.480698481249718,4.480698481249718,4.480698481249718,4.480698481249718,0.0,0.0,0.0,120.35805969733775
27,2020-02-11,116.11918881605541,70.04432711094456,169.25903214637663,116.11918881605541,116.11918881605541,4.564475776257408,4.564475776257408,4.564475776257408,4.564475776257408,4.564475776257408,4.564475776257408,0.0,0.0,0.0,120.68366459231282
28,2020-02-12,116.36101641602279,73.46964359354354,166.30335858126872,116.36101641602279,116.36101641602279,4.626443976005516,4.626443976005516,4.626443976005516,4.626443976005516,4.626443976005516,4.626443976005516,0.0,0.0,0.0,120.98746039202831
29,2020-02-13,116.60284401599017,74.15324985386708,167.68662388954507,116.60284401599017,116.60284401599017,4.724785144369784,4.724785144369784,4.724785144369784,4.724785144369784,4.724785144369784,4.724785144369784,0.0,0.0,0.0,121.32762916035996
30,2020-02-14,116.84467161595757,70.88451715711392,169.34707717176104,116.84467161595757,116.84467161595757,2.1872356016398284,2.1872356016398284,2.1872356016398284,2.1872356016398284,2.1872356016398284,2.1872356016398284,0.0,0.0,0.0,119.0319072175974
31,2020-02-18,117.8119820158271,74.59105020615068,170.89581326967837,117.8119820158271,117.8119820158271,4.564475776255911,4.564475776255911,4.564475776255911,4.564475776255911,4.564475776255911,4.564475776255911,0.0,0.0,0.0,122.37645779208302
32,2020-02-19,118.05380961579448,71.1339025245281,169.29581663570505,118.05380961579448,118.05380961579448,4.626443976000799,4.626443976000799,4.626443976000799,4.626443976000799,4.626443976000799,4.626443976000799,0.0,0.0,0.0,122.68025359179528
33,2020-02-20,118.2956372155879,78.891317437178,172.11382054521715,118.2956372155879,118.2956372155879,4.724785144389185,4.724785144389185,4.724785144389185,4.724785144389185,4.724785144389185,4.724785144389185,0.0,0.0,0.0,123.02042235997709
34,2020-02-21,118.53746481538131,72.45727979759401,166.35209832501272,118.53746481538131,118.53746481538131,2.1872356016294052,2.1872356016294052,2.1872356016294052,2.1872356016294052,2.1872356016294052,2.1872356016294052,0.0,0.0,0.0,120.72470041701072
35,2020-02-24,119.26294761476154,78.8993273786624,171.6359758583986,119.26294761476154,119.26294761476154,4.480698481261451,4.480698481261451,4.480698481261451,4.480698481261451,4.480698481261451,4.480698481261451,0.0,0.0,0.0,123.743646096023
36,2020-02-25,119.50477521455495,74.37420775757299,174.47674908894098,119.50477521455495,119.50477521455495,4.564475776253399,4.564475776253399,4.564475776253399,4.564475776253399,4.564475776253399,4.564475776253399,0.0,0.0,0.0,124.06925099080836
37,2020-02-26,119.74660281434838,74.92521252457384,170.9264757623853,119.74660281434838,119.74660281434838,4.626443976003826,4.626443976003826,4.626443976003826,4.626443976003826,4.626443976003826,4.626443976003826,0.0,0.0,0.0,124.3730467903522
38,2020-02-27,119.98843041414177,78.12241721460622,173.87758375081776,119.98843041414177,119.98843041414177,4.724785144375835,4.724785144375835,4.724785144375835,4.724785144375835,4.724785144375835,4.724785144375835,0.0,0.0,0.0,124.7132155585176
39,2020-02-28,120.23025801393518,75.08439275154689,171.22952374756468,120.23025801393518,120.23025801393518,2.1872356016189816,2.1872356016189816,2.1872356016189816,2.1872356016189816,2.1872356016189816,2.1872356016189816,0.0,0.0,0.0,122.41749361555416
40,2020-03-02,120.95574081331542,75.64269125753626,171.12896983561382,120.95574081331542,120.95574081331542,4.480698481275872,4.480698481275872,4.480698481275872,4.480698481275872,4.480698481275872,4.480698481275872,0.0,0.0,0.0,125.43643929459128
41,2020-03-03,121.19756840253203,75.68619755138722,173.159326179166,121.19756840253203,121.19756840253203,4.564475776250885,4.564475776250885,4.564475776250885,4.564475776250885,4.564475776250885,4.564475776250885,0.0,0.0,0.0,125.76204417878292
42,2020-03-04,121.43939599174861,75.57900432331836,170.71464361849556,121.43939599174861,121.43939599174861,4.626443976002781,4.626443976002781,4.626443976002781,4.626443976002781,4.626443976002781,4.626443976002781,0.0,0.0,0.0,126.06583996775139
43,2020-03-05,121.68122358096522,78.2942389467449,174.75742481707567,121.68122358096522,121.68122358096522,4.724785144379247,4.724785144379247,4.724785144379247,4.724785144379247,4.724785144379247,4.724785144379247,0.0,0.0,0.0,126.40600872534446
44,2020-03-06,121.92305117018182,74.17068773549374,169.53782115566545,121.92305117018182,121.92305117018182,2.1872356016190913,2.1872356016190913,2.1872356016190913,2.1872356016190913,2.1872356016190913,2.1872356016190913,0.0,0.0,0.0,124.11028677180092
45,2020-03-09,122.64853393783163,77.90235980848814,173.9289235082324,122.64853393783163,122.64853393783163,4.480698481238022,4.480698481238022,4.480698481238022,4.480698481238022,4.480698481238022,4.480698481238022,0.0,0.0,0.0,127.12923241906965
46,2020-03-10,122.89036152704821,81.6848408444112,175.26809014387337,122.89036152704821,122.89036152704821,4.564475776248371,4.564475776248371,4.564475776248371,4.564475776248371,4.564475776248371,4.564475776248371,0.0,0.0,0.0,127.45483730329659
47,2020-03-11,123.13218911626483,78.566978447267,177.5868256272984,123.13218911626483,123.13218911626483,4.626443976005808,4.626443976005808,4.626443976005808,4.626443976005808,4.626443976005808,4.626443976005808,0.0,0.0,0.0,127.75863309227063
48,2020-03-12,123.37401670548142,81.03299375525731,174.84270024085663,123.37401670548142,123.37401670548142,4.724785144374664,4.724785144374664,4.724785144374664,4.724785144374664,4.724785144374664,4.724785144374664,0.0,0.0,0.0,128.0988018498561
49,2020-03-13,123.61584428725578,75.97705836419584,174.4167394575752,123.61584428725578,123.61584428725578,2.187235601598135,2.187235601598135,2.187235601598135,2.187235601598135,2.187235601598135,2.187235601598135,0.0,0.0,0.0,125.80307988885392
50,2020-03-16,124.3413270325788,79.36612781541506,176.19768202047428,124.3413270325788,124.3413270325788,4.480698481246741,4.480698481246741,4.480698481246741,4.480698481246741,4.480698481246741,4.480698481246741,0.0,0.0,0.0,128.82202551382554
51,2020-03-17,124.58315461435313,78.5385341057966,174.2205747465376,124.58315461435313,124.58315461435313,4.564475776246873,4.564475776246873,4.564475776246873,4.564475776246873,4.564475776246873,4.564475776246873,0.0,0.0,0.0,129.1476303906
52,2020-03-18,124.82498219612746,83.86897620124789,176.85888713365512,124.82498219612746,124.82498219612746,4.626443976001091,4.626443976001091,4.626443976001091,4.626443976001091,4.626443976001091,4.626443976001091,0.0,0.0,0.0,129.45142617212855
53,2020-03-19,125.06680977790182,81.24961964391372,175.7154209699689,125.06680977790182,125.06680977790182,4.724785144370081,4.724785144370081,4.724785144370081,4.724785144370081,4.724785144370081,4.724785144370081,0.0,0.0,0.0,129.7915949222719
54,2020-03-20,125.30863735967615,80.30281295614101,176.0277516201204,125.30863735967615,125.30863735967615,2.1872356016424463,2.1872356016424463,2.1872356016424463,2.1872356016424463,2.1872356016424463,2.1872356016424463,0.0,0.0,0.0,127.4958729613186
55,2020-03-23,126.03412010499919,82.56525238735476,176.33990516188047,126.03412010499919,126.03412010499919,4.480698481249756,4.480698481249756,4.480698481249756,4.480698481249756,4.480698481249756,4.480698481249756,0.0,0.0,0.0,130.51481858624894
56,2020-03-24,126.27594768677352,80.85336261596902,179.3016157398179,126.27594768677352,126.27594768677352,4.564475776243344,4.564475776243344,4.564475776243344,4.564475776243344,4.564475776243344,4.564475776243344,0.0,0.0,0.0,130.84042346301686
57,2020-03-25,126.52721976948958,82.32649857316395,182.435446759203,126.52721976948958,126.52721976948958,4.626443976000044,4.626443976000044,4.626443976000044,4.626443976000044,4.626443976000044,4.626443976000044,0.0,0.0,0.0,131.1536637454896
58,2020-03-26,126.77849185220562,85.07006076032717,179.98110736862947,126.77849185220562,126.77849185220562,4.724785144381488,4.724785144381488,4.724785144381488,4.724785144381488,4.724785144381488,4.724785144381488,0.0,0.0,0.0,131.50327699658712
59,2020-03-27,127.02976393492168,83.33480035927484,176.52859232402074,127.02976393492168,127.02976393492168,2.1872356016320222,2.1872356016320222,2.1872356016320222,2.1872356016320222,2.1872356016320222,2.1872356016320222,0.0,0.0,0.0,129.2169995365537
60,2020-03-30,127.78358018306982,85.0279543570271,181.12913107505582,127.78358018306982,127.78358018306982,4.48069848125277,4.48069848125277,4.48069848125277,4.48069848125277,4.48069848125277,4.48069848125277,0.0,0.0,0.0,132.26427866432257
61,2020-03-31,128.03485226578587,85.70463667647593,182.23425151647132,128.03485226578587,128.03485226578587,4.564475776254415,4.564475776254415,4.564475776254415,4.564475776254415,4.564475776254415,4.564475776254415,0.0,0.0,0.0,132.5993280420403
62,2020-04-01,128.28612434850191,87.47568828826353,181.42444644680748,128.28612434850191,128.28612434850191,4.6264439759992015,4.6264439759992015,4.6264439759992015,4.6264439759992015,4.6264439759992015,4.6264439759992015,0.0,0.0,0.0,132.9125683245011
63,2020-04-02,128.53739643121796,86.06948618928251,180.20758351775726,128.53739643121796,128.53739643121796,4.724785144376905,4.724785144376905,4.724785144376905,4.724785144376905,4.724785144376905,4.724785144376905,0.0,0.0,0.0,133.26218157559487
64,2020-04-03,128.78866851393403,82.26036868125941,174.46855775728423,128.78866851393403,128.78866851393403,2.1872356016321315,2.1872356016321315,2.1872356016321315,2.1872356016321315,2.1872356016321315,2.1872356016321315,0.0,0.0,0.0,130.97590411556615
65,2020-04-06,130.009245325703,89.62102502489752,186.39273978528547,130.009245325703,130.009245325703,4.480698481267192,4.480698481267192,4.480698481267192,4.480698481267192,4.480698481267192,4.480698481267192,0.0,0.0,0.0,134.4899438069702
66,2020-04-07,130.41610426295935,87.1937069042331,180.0214709523225,130.41610426295935,130.41610426295935,4.564475776251902,4.564475776251902,4.564475776251902,4.564475776251902,4.564475776251902,4.564475776251902,0.0,0.0,0.0,134.98058003921125
67,2020-04-08,130.82296320021567,86.51378448082939,185.68459901626133,130.82296320021567,130.82296320021567,4.626443976002228,4.626443976002228,4.626443976002228,4.626443976002228,4.626443976002228,4.626443976002228,0.0,0.0,0.0,135.4494071762179
68,2020-04-09,131.229822137472,85.64653868174474,182.2877322760495,131.229822137472,131.229822137472,4.724785144380317,4.724785144380317,4.724785144380317,4.724785144380317,4.724785144380317,4.724785144380317,0.0,0.0,0.0,135.95460728185233
69,2020-04-13,132.85725788649734,91.41703873855722,185.65335770741132,132.85725788649734,132.85725788649734,4.480698481270207,4.480698481270207,4.480698481270207,4.480698481270207,4.480698481270207,4.480698481270207,0.0,0.0,0.0,137.33795636776753
70,2020-04-14,133.26411682375368,90.01822687717363,183.27659891287936,133.26411682375368,133.26411682375368,4.564475776249389,4.564475776249389,4.564475776249389,4.564475776249389,4.564475776249389,4.564475776249389,0.0,0.0,0.0,137.82859260000308
71,2020-04-15,133.67097576101,89.35126145633302,184.4947826640904,133.67097576101,133.67097576101,4.626443976001382,4.626443976001382,4.626443976001382,4.626443976001382,4.626443976001382,4.626443976001382,0.0,0.0,0.0,138.29741973701138
72,2020-04-16,134.07783469826634,94.89950867109701,183.14321495939132,134.07783469826634,134.07783469826634,4.724785144374961,4.724785144374961,4.724785144374961,4.724785144374961,4.724785144374961,4.724785144374961,0.0,0.0,0.0,138.8026198426413
73,2020-04-17,134.70004705418086,88.51537949048995,188.94214524998733,134.70004705418086,134.70004705418086,2.187235601611285,2.187235601611285,2.187235601611285,2.187235601611285,2.187235601611285,2.187235601611285,0.0,0.0,0.0,136.88728265579215
74,2020-04-20,136.56668412192434,91.53595302874166,183.44953232938678,136.56668412192434,136.56668412192434,4.480698481278925,4.480698481278925,4.480698481278925,4.480698481278925,4.480698481278925,4.480698481278925,0.0,0.0,0.0,141.04738260320326
75,2020-04-21,137.18889647783885,94.3594048220628,188.56948956074683,137.18889647783885,137.18889647783885,4.564475776259442,4.564475776259442,4.564475776259442,4.564475776259442,4.564475776259442,4.564475776259442,0.0,0.0,0.0,141.75337225409828
76,2020-04-22,137.81110883375334,94.03042168864415,191.68305971195758,137.81110883375334,137.81110883375334,4.626443976004409,4.626443976004409,4.626443976004409,4.626443976004409,4.626443976004409,4.626443976004409,0.0,0.0,0.0,142.43755280975773
77,2020-04-23,138.43332118966782,92.74507789924034,189.6096570399808,138.43332118966782,138.43332118966782,4.724785144378373,4.724785144378373,4.724785144378373,4.724785144378373,4.724785144378373,4.724785144378373,0.0,0.0,0.0,143.15810633404618
78,2020-04-24,139.0555335455823,93.72821198389194,187.98078727028806,139.0555335455823,139.0555335455823,2.1872356016113943,2.1872356016113943,2.1872356016113943,2.1872356016113943,2.1872356016113943,2.1872356016113943,0.0,0.0,0.0,141.2427691471937
79,2020-04-27,140.9221706133258,98.4931334645089,196.39128483995185,140.9221706133258,140.9221706133258,4.48069848124678,4.48069848124678,4.48069848124678,4.48069848124678,4.48069848124678,4.48069848124678,0.0,0.0,0.0,145.40286909457257
80,2020-04-28,141.54438296924033,96.89194475843854,192.79684602310107,141.54438296924033,141.54438296924033,4.564475776256928,4.564475776256928,4.564475776256928,4.564475776256928,4.564475776256928,4.564475776256928,0.0,0.0,0.0,146.10885874549726
81,2020-04-29,142.45799825505782,95.09826782805803,195.2922908683192,142.45799825505782,142.45799825505782,4.626443975999692,4.626443975999692,4.626443975999692,4.626443975999692,4.626443975999692,4.626443975999692,0.0,0.0,0.0,147.0844422310575
82,2020-04-30,143.37161354087533,102.9577019857917,194.8639374000897,143.37161354087533,143.37161354087533,4.724785144373791,4.724785144373791,4.724785144373791,4.724785144373791,4.724785144373791,4.724785144373791,0.0,0.0,0.0,148.0963986852491
83,2020-05-01,144.28522882669282,97.37529864166976,193.49309069692012,144.28522882669282,144.28522882669282,2.1872356016346393,2.1872356016346393,2.1872356016346393,2.1872356016346393,2.1872356016346393,2.1872356016346393,0.0,0.0,0.0,146.47246442832744
84,2020-05-04,147.02607468414536,106.09323528384678,200.56179706163823,147.02607468414536,147.02607468414536,4.480698481255497,4.480698481255497,4.480698481255497,4.480698481255497,4.480698481255497,4.480698481255497,0.0,0.0,0.0,151.50677316540086
85,2020-05-05,147.9396899699629,107.47559501108012,201.0423055315374,147.9396899699629,147.9396899699629,4.564475776254416,4.564475776254416,4.564475776254416,4.564475776254416,4.564475776254416,4.564475776254416,0.0,0.0,0.0,152.50416574621732
86,2020-05-06,148.85330525578038,110.22458655133241,203.03265346503485,148.85330525578038,148.85330525578038,4.62644397600272,4.62644397600272,4.62644397600272,4.62644397600272,4.62644397600272,4.62644397600272,0.0,0.0,0.0,153.4797492317831
87,2020-05-07,149.7669205415979,109.62789586499977,204.33551482625379,149.7669205415979,149.7669205415979,4.7247851443772015,4.7247851443772015,4.7247851443772015,4.7247851443772015,4.7247851443772015,4.7247851443772015,0.0,0.0,0.0,154.4917056859751
88,2020-05-08,150.68053582741538,107.108581718287,199.01193206089008,150.68053582741538,150.68053582741538,2.1872356016347476,2.1872356016347476,2.1872356016347476,2.1872356016347476,2.1872356016347476,2.1872356016347476,0.0,0.0,0.0,152.86777142905012
89,2020-05-11,154.4696796471138,110.83675926707515,202.8809937278641,154.4696796471138,154.4696796471138,4.480698481258513,4.480698481258513,4.480698481258513,4.480698481258513,4.480698481258513,4.480698481258513,0.0,0.0,0.0,158.9503781283723
90,2020-05-12,155.73272758701327,115.70014485841729,208.01757047446472,155.73272758701327,155.73272758701327,4.56447577625292,4.56447577625292,4.56447577625292,4.56447577625292,4.56447577625292,4.56447577625292,0.0,0.0,0.0,160.2972033632662
91,2020-05-13,156.99577552691272,115.63967446878445,213.94639687414366,156.99577552691272,156.99577552691272,4.626443976001673,4.626443976001673,4.626443976001673,4.626443976001673,4.626443976001673,4.626443976001673,0.0,0.0,0.0,161.6222195029144
92,2020-05-14,158.2588234668122,116.67010793213441,212.1137910438469,158.2588234668122,158.2588234668122,4.72478514437262,4.72478514437262,4.72478514437262,4.72478514437262,4.72478514437262,4.72478514437262,0.0,0.0,0.0,162.98360861118482
93,2020-05-15,159.52187140671168,112.9192855174508,208.9521710345808,159.52187140671168,159.52187140671168,2.1872356016243257,2.1872356016243257,2.1872356016243257,2.1872356016243257,2.1872356016243257,2.1872356016243257,0.0,0.0,0.0,161.70910700833602
94,2020-05-18,163.3110152264101,121.37193464857367,214.76891175738052,163.3110152264101,163.3110152264101,4.48069848123207,4.48069848123207,4.48069848123207,4.48069848123207,4.48069848123207,4.48069848123207,0.0,0.0,0.0,167.79171370764217
95,2020-05-19,164.57406316630957,118.82912909298717,217.7315212048747,164.57406316630957,164.57406316630957,4.564475776251422,4.564475776251422,4.564475776251422,4.564475776251422,4.564475776251422,4.564475776251422,0.0,0.0,0.0,169.13853894256098
96,2020-05-20,165.83711110620905,124.78680551531353,218.76602917828177,165.83711110620905,165.83711110620905,4.626443976000829,4.626443976000829,4.626443976000829,4.626443976000829,4.626443976000829,4.626443976000829,0.0,0.0,0.0,170.4635550822099
97,2020-05-21,167.48545485682652,127.73023963672978,223.39317770490268,167.48545485682652,167.48545485682652,4.724785144384025,4.724785144384025,4.724785144384025,4.724785144384025,4.724785144384025,4.724785144384025,0.0,0.0,0.0,172.21024000121054
98,2020-05-22,169.13379860744402,122.38356700480014,215.38382909612378,169.13379860744402,169.13379860744402,2.1872356016139016,2.1872356016139016,2.1872356016139016,2.1872356016139016,2.1872356016139016,2.1872356016139016,0.0,0.0,0.0,171.32103420905793
99,2020-05-26,175.72717360991388,135.52459058545548,228.3424089096025,175.72717360991388,175.72717360991388,4.564475776248908,4.564475776248908,4.564475776248908,4.564475776248908,4.564475776248908,4.564475776248908,0.0,0.0,0.0,180.2916493861628
100,2020-05-27,177.37551736053135,130.5287819297681,227.34996478809424,177.37551736053135,177.37551736053135,4.626443975999983,4.626443975999983,4.626443975999983,4.626443975999983,4.626443975999983,4.626443975999983,0.0,0.0,0.0,182.00196133653134
101,2020-05-28,179.02386111114885,136.25087846105106,229.3420908694989,179.02386111114885,179.02386111114885,4.72478514437867,4.72478514437867,4.72478514437867,4.72478514437867,4.72478514437867,4.72478514437867,0.0,0.0,0.0,183.74864625552752
102,2020-05-29,180.6722048617663,131.47663869057357,227.4413014643034,180.6722048617663,180.6722048617663,2.187235601647679,2.187235601647679,2.187235601647679,2.187235601647679,2.187235601647679,2.187235601647679,0.0,0.0,0.0,182.85944046341396
103,2020-06-01,185.61723611361873,143.26379535552059,238.8926926680429,185.61723611361873,185.61723611361873,4.480698481249505,4.480698481249505,4.480698481249505,4.480698481249505,4.480698481249505,4.480698481249505,0.0,0.0,0.0,190.09793459486824
104,2020-06-02,187.26557986423617,144.8135816578158,239.52778472840922,187.26557986423617,187.26557986423617,4.564475776246397,4.564475776246397,4.564475776246397,4.564475776246397,4.564475776246397,4.564475776246397,0.0,0.0,0.0,191.83005564048256
105,2020-06-03,188.91392361485367,146.83462720715943,243.9514273742461,188.91392361485367,188.91392361485367,4.626443976003011,4.626443976003011,4.626443976003011,4.626443976003011,4.626443976003011,4.626443976003011,0.0,0.0,0.0,193.54036759085668
106,2020-06-04,190.8404176580011,147.80874385007942,243.42905783618548,190.8404176580011,190.8404176580011,4.724785144382081,4.724785144382081,4.724785144382081,4.724785144382081,4.724785144382081,4.724785144382081,0.0,0.0,0.0,195.56520280238317
107,2020-06-05,192.76691170114853,149.6811207356489,241.969393480447,192.76691170114853,192.76691170114853,2.1872356016477887,2.1872356016477887,2.1872356016477887,2.1872356016477887,2.1872356016477887,2.1872356016477887,0.0,0.0,0.0,194.95414730279631
108,2020-06-08,198.5463938305909,157.39742857216805,254.07244379499642,198.5463938305909,198.5463938305909,4.480698481252521,4.480698481252521,4.480698481252521,4.480698481252521,4.480698481252521,4.480698481252521,0.0,0.0,0.0,203.0270923118434
109,2020-06-09,200.4728878737383,159.9105265399546,252.3301771584229,200.4728878737383,200.4728878737383,4.564475776256451,4.564475776256451,4.564475776256451,4.564475776256451,4.564475776256451,4.564475776256451,0.0,0.0,0.0,205.03736364999475
110,2020-06-10,202.39938191688574,157.9498370924973,255.44649464291774,202.39938191688574,202.39938191688574,4.626443976006038,4.626443976006038,4.626443976006038,4.626443976006038,4.626443976006038,4.626443976006038,0.0,0.0,0.0,207.0258258928918
111,2020-06-11,204.32587596003316,161.65090054621183,256.0998729509746,204.32587596003316,204.32587596003316,4.724785144377498,4.724785144377498,4.724785144377498,4.724785144377498,4.724785144377498,4.724785144377498,0.0,0.0,0.0,209.05066110441066
112,2020-06-12,206.2523700031806,160.87178180299446,254.69777862643113,206.2523700031806,206.2523700031806,2.187235601626832,2.187235601626832,2.187235601626832,2.187235601626832,2.187235601626832,2.187235601626832,0.0,0.0,0.0,208.43960560480744
113,2020-06-15,212.03185213262296,168.63253985509053,265.5757434041756,212.03185213262296,212.03185213262296,4.480698481261238,4.480698481261238,4.480698481261238,4.480698481261238,4.480698481261238,4.480698481261238,0.0,0.0,0.0,216.5125506138842
114,2020-06-16,213.95844486042176,171.46277443134062,267.2978262167893,213.95844486042176,213.95844486042176,4.564475776254953,4.564475776254953,4.564475776254953,4.564475776254953,4.564475776254953,4.564475776254953,0.0,0.0,0.0,218.52292063667673
115,2020-06-17,215.8850375882206,175.45888573653596,268.3097123832745,215.8850375882206,215.8850375882206,4.626443976005192,4.626443976005192,4.626443976005192,4.626443976005192,4.626443976005192,4.626443976005192,0.0,0.0,0.0,220.5114815642258
116,2020-06-18,217.8116303160195,175.67358698668968,268.14218145703387,217.8116303160195,217.8116303160195,4.724785144380911,4.724785144380911,4.724785144380911,4.724785144380911,4.724785144380911,4.724785144380911,0.0,0.0,0.0,222.5364154604004
117,2020-06-19,219.73822304381832,175.48948236897564,266.7988208147062,219.73822304381832,219.73822304381832,2.1872356016269414,2.1872356016269414,2.1872356016269414,2.1872356016269414,2.1872356016269414,2.1872356016269414,0.0,0.0,0.0,221.92545864544527
118,2020-06-22,225.51800122721488,183.00008687019857,279.99380726052067,225.51800122721488,225.51800122721488,4.480698481264253,4.480698481264253,4.480698481264253,4.480698481264253,4.480698481264253,4.480698481264253,0.0,0.0,0.0,229.99869970847914
119,2020-06-23,227.4445939550137,185.2851421625454,280.4622857264204,227.4445939550137,227.4445939550137,4.564475776251423,4.564475776251423,4.564475776251423,4.564475776251423,4.564475776251423,4.564475776251423,0.0,0.0,0.0,232.0090697312651
120,2020-06-24,229.3711866828126,184.60561776645716,280.8814998304246,229.3711866828126,229.3711866828126,4.626443976004348,4.626443976004348,4.626443976004348,4.626443976004348,4.626443976004348,4.626443976004348,0.0,0.0,0.0,233.99763065881695
121,2020-06-25,231.2977794106115,189.26348562945034,283.66745336852745,231.2977794106115,231.2977794106115,4.724785144375555,4.724785144375555,4.724785144375555,4.724785144375555,4.724785144375555,4.724785144375555,0.0,0.0,0.0,236.02256455498704
122,2020-06-26,233.22554048944772,188.20082105636084,280.58978405446584,233.22554048944772,233.22554048944772,2.187235601616518,2.187235601616518,2.187235601616518,2.187235601616518,2.187235601616518,2.187235601616518,0.0,0.0,0.0,235.41277609106425
123,2020-06-29,239.00882372595657,192.7868296159819,290.53390352724927,239.00882372595657,239.00882372595657,4.480698481272972,4.480698481272972,4.480698481272972,4.480698481272972,4.480698481272972,4.480698481272972,0.0,0.0,0.0,243.48952220722956
124,2020-06-30,240.93658480479286,199.57232962882483,292.6037719982565,240.93658480479286,240.93658480479286,4.564475776249926,4.564475776249926,4.564475776249926,4.564475776249926,4.564475776249926,4.564475776249926,0.0,0.0,0.0,245.5010605810428
125,2020-07-01,242.86434588362917,200.9715955512959,294.7036054280555,242.86434588362917,242.86434588362917,4.62644397599943,4.62644397599943,4.62644397599943,4.62644397599943,4.62644397599943,4.62644397599943,0.0,0.0,0.0,247.4907898596286
126,2020-07-02,244.7921069624654,196.6637376700763,296.21355580702004,244.7921069624654,244.7921069624654,4.724785144378967,4.724785144378967,4.724785144378967,4.724785144378967,4.724785144378967,4.724785144378967,0.0,0.0,0.0,249.51689210684435
127,2020-07-06,252.50315127781056,206.99750639758054,307.0543881710133,252.50315127781056,252.50315127781056,4.480698481240826,4.480698481240826,4.480698481240826,4.480698481240826,4.480698481240826,4.480698481240826,0.0,0.0,0.0,256.9838497590514
128,2020-07-07,254.43091235664684,211.5271828789533,308.1260992308577,254.43091235664684,254.43091235664684,4.564475776247413,4.564475776247413,4.564475776247413,4.564475776247413,4.564475776247413,4.564475776247413,0.0,0.0,0.0,258.9953881328943
129,2020-07-08,256.3586734354832,214.20797495665877,308.96644140331955,256.3586734354832,256.3586734354832,4.626443976002457,4.626443976002457,4.626443976002457,4.626443976002457,4.626443976002457,4.626443976002457,0.0,0.0,0.0,260.98511741148565
130,2020-07-09,258.2864345107448,214.7360442988392,310.4319532211808,258.2864345107448,258.2864345107448,4.724785144374384,4.724785144374384,4.724785144374384,4.724785144374384,4.724785144374384,4.724785144374384,0.0,0.0,0.0,263.0112196551192
131,2020-07-10,260.21419558600655,212.34220950182916,311.7192718253536,260.21419558600655,260.21419558600655,2.1872356016062042,2.1872356016062042,2.1872356016062042,2.1872356016062042,2.1872356016062042,2.1872356016062042,0.0,0.0,0.0,262.40143118761273
132,2020-07-13,265.9974788117917,222.80326227244365,314.1634921832673,265.9974788117917,265.9974788117917,4.480698481249543,4.480698481249543,4.480698481249543,4.480698481249543,4.480698481249543,4.480698481249543,0.0,0.0,0.0,270.47817729304126
133,2020-07-14,267.92523988705346,226.75027492387136,321.65603043251724,267.92523988705346,267.92523988705346,4.564475776245917,4.564475776245917,4.564475776245917,4.564475776245917,4.564475776245917,4.564475776245917,0.0,0.0,0.0,272.48971566329936
134,2020-07-15,269.8530009623152,224.0220687357899,318.7703850482642,269.8530009623152,269.8530009623152,4.626443976001611,4.626443976001611,4.626443976001611,4.626443976001611,4.626443976001611,4.626443976001611,0.0,0.0,0.0,274.4794449383168
135,2020-07-16,271.78076203757695,230.80844539343485,324.39225755863447,271.78076203757695,271.78076203757695,4.72478514438579,4.72478514438579,4.72478514438579,4.72478514438579,4.72478514438579,4.72478514438579,0.0,0.0,0.0,276.50554718196275
136,2020-07-17,273.7085231128387,228.5095495891191,329.71534406959995,273.7085231128387,273.7085231128387,2.1872356016399825,2.1872356016399825,2.1872356016399825,2.1872356016399825,2.1872356016399825,2.1872356016399825,0.0,0.0,0.0,275.8957587144787
137,2020-07-20,279.49180633862386,236.23768958001006,332.42563528624225,279.49180633862386,279.49180633862386,4.480698481252558,4.480698481252558,4.480698481252558,4.480698481252558,4.480698481252558,4.480698481252558,0.0,0.0,0.0,283.9725048198764
138,2020-07-21,281.41956741188335,241.95555098216315,332.8016258145199,281.41956741188335,281.41956741188335,4.564475776243403,4.564475776243403,4.564475776243403,4.564475776243403,4.564475776243403,4.564475776243403,0.0,0.0,0.0,285.98404318812675
139,2020-07-22,283.3473284851428,243.54606823842678,331.7517626435004,283.3473284851428,283.3473284851428,4.626443976004439,4.626443976004439,4.626443976004439,4.626443976004439,4.626443976004439,4.626443976004439,0.0,0.0,0.0,287.97377246114723
140,2020-07-23,285.27508955840227,241.90688111295432,335.43178122787447,285.27508955840227,285.27508955840227,4.724785144381207,4.724785144381207,4.724785144381207,4.724785144381207,4.724785144381207,4.724785144381207,0.0,0.0,0.0,289.9998747027835
141,2020-07-24,287.2028506316617,244.04236895327534,337.574362140006,287.2028506316617,287.2028506316617,2.1872356016295584,2.1872356016295584,2.1872356016295584,2.1872356016295584,2.1872356016295584,2.1872356016295584,0.0,0.0,0.0,289.39008623329124
142,2020-07-27,292.9861338514401,248.08637347773217,345.1954633948591,292.9861338514401,292.9861338514401,4.48069848126698,4.48069848126698,4.48069848126698,4.48069848126698,4.48069848126698,4.48069848126698,0.0,0.0,0.0,297.4668323327071
143,2020-07-28,294.9138949246996,251.8125151422123,351.3061203894056,294.9138949246996,294.9138949246996,4.564475776252439,4.564475776252439,4.564475776252439,4.564475776252439,4.564475776252439,4.564475776252439,0.0,0.0,0.0,299.47837070095204
144,2020-07-29,296.84165599795904,254.07678344695452,347.0698784023615,296.84165599795904,296.84165599795904,4.626443975999722,4.626443975999722,4.626443975999722,4.626443975999722,4.626443975999722,4.626443975999722,0.0,0.0,0.0,301.4680999739588
145,2020-07-30,298.7694170712186,254.8600613945382,348.98012757687127,298.7694170712186,298.7694170712186,4.724785144376625,4.724785144376625,4.724785144376625,4.724785144376625,4.724785144376625,4.724785144376625,0.0,0.0,0.0,303.49420221559524
146,2020-07-31,300.6971781282748,255.04297178491498,352.9838868169843,300.6971781282748,300.6971781282748,2.1872356016296677,2.1872356016296677,2.1872356016296677,2.1872356016296677,2.1872356016296677,2.1872356016296677,0.0,0.0,0.0,302.88441372990445
147,2020-08-03,306.4804612994433,263.31435741422325,357.1231758982029,306.4804612994433,306.4804612994433,4.480698481269994,4.480698481269994,4.480698481269994,4.480698481269994,4.480698481269994,4.480698481269994,0.0,0.0,0.0,310.9611597807133
148,2020-08-04,308.40822235649944,267.68745042252533,362.9812160785926,308.40822235649944,308.40822235649944,4.564475776249926,4.564475776249926,4.564475776249926,4.564475776249926,4.564475776249926,4.564475776249926,0.0,0.0,0.0,312.9726981327494
149,2020-08-05,310.3359834135556,266.3552958654322,366.20592396803477,310.3359834135556,310.3359834135556,4.626443976002748,4.626443976002748,4.626443976002748,4.626443976002748,4.626443976002748,4.626443976002748,0.0,0.0,0.0,314.96242738955834
150,2020-08-06,312.26374447061175,268.61554142365975,368.32688447987897,312.26374447061175,312.26374447061175,4.7247851443800375,4.7247851443800375,4.7247851443800375,4.7247851443800375,4.7247851443800375,4.7247851443800375,0.0,0.0,0.0,316.9885296149918
151,2020-08-07,314.19150552766786,269.9014459313377,362.1736554102522,314.19150552766786,314.19150552766786,2.1872356016087116,2.1872356016087116,2.1872356016087116,2.1872356016087116,2.1872356016087116,2.1872356016087116,0.0,0.0,0.0,316.3787411292766
152,2020-08-10,319.97478869883645,276.83878256849977,372.20120267389495,319.97478869883645,319.97478869883645,4.480698481273009,4.480698481273009,4.480698481273009,4.480698481273009,4.480698481273009,4.480698481273009,0.0,0.0,0.0,324.45548718010946
153,2020-08-11,321.90254975589266,276.99937696175743,377.60608274217753,321.90254975589266,321.90254975589266,4.56447577624843,4.56447577624843,4.56447577624843,4.56447577624843,4.56447577624843,4.56447577624843,0.0,0.0,0.0,326.4670255321411
154,2020-08-12,323.8303108033953,280.735550841129,375.7254971144229,323.8303108033953,323.8303108033953,4.626443976001903,4.626443976001903,4.626443976001903,4.626443976001903,4.626443976001903,4.626443976001903,0.0,0.0,0.0,328.4567547793972
155,2020-08-13,325.7580718508979,280.62412359915027,379.99693707605684,325.7580718508979,325.7580718508979,4.724785144366687,4.724785144366687,4.724785144366687,4.724785144366687,4.724785144366687,4.724785144366687,0.0,0.0,0.0,330.4828569952646
156,2020-08-14,327.6858328984007,280.60988022304,376.9381917651204,327.6858328984007,327.6858328984007,2.187235601653022,2.187235601653022,2.187235601653022,2.187235601653022,2.187235601653022,2.187235601653022,0.0,0.0,0.0,329.8730685000537
157,2020-08-17,333.4691160409086,289.7394149434369,383.667670445232,333.4691160409086,333.4691160409086,4.4806984812817285,4.4806984812817285,4.4806984812817285,4.4806984812817285,4.4806984812817285,4.4806984812817285,0.0,0.0,0.0,337.9498145221903
158,2020-08-18,335.39687708841126,290.2781979477059,385.6966491031815,335.39687708841126,335.39687708841126,4.564475776258484,4.564475776258484,4.564475776258484,4.564475776258484,4.564475776258484,4.564475776258484,0.0,0.0,0.0,339.9613528646697
159,2020-08-19,337.3246381359139,291.1451757807337,386.90074210005446,337.3246381359139,337.3246381359139,4.626443976001059,4.626443976001059,4.626443976001059,4.626443976001059,4.626443976001059,4.626443976001059,0.0,0.0,0.0,341.95108211191496
160,2020-08-20,339.2523991834166,297.8206547337183,393.76738423833854,339.2523991834166,339.2523991834166,4.724785144378093,4.724785144378093,4.724785144378093,4.724785144378093,4.724785144378093,4.724785144378093,0.0,0.0,0.0,343.9771843277947
161,2020-08-21,341.1801602309193,295.8178765129077,390.7588302970832,341.1801602309193,341.1801602309193,2.1872356016320667,2.1872356016320667,2.1872356016320667,2.1872356016320667,2.1872356016320667,2.1872356016320667,0.0,0.0,0.0,343.3673958325513
162,2020-08-24,346.6858725445181,306.0063770169547,401.15425274413315,346.6858725445181,346.6858725445181,4.480698481243879,4.480698481243879,4.480698481243879,4.480698481243879,4.480698481243879,4.480698481243879,0.0,0.0,0.0,351.166571025762
163,2020-08-25,348.5211099823843,305.268264911927,400.2507545271244,348.5211099823843,348.5211099823843,4.5644757762569865,4.5644757762569865,4.5644757762569865,4.5644757762569865,4.5644757762569865,4.5644757762569865,0.0,0.0,0.0,353.0855857586413
164,2020-08-26,350.3563474202505,310.7493166197148,401.3627931852991,350.3563474202505,350.3563474202505,4.626443976000212,4.626443976000212,4.626443976000212,4.626443976000212,4.626443976000212,4.626443976000212,0.0,0.0,0.0,354.98279139625066
165,2020-08-27,352.19158485811676,311.75973313704145,406.92300007507384,352.19158485811676,352.19158485811676,4.72478514437351,4.72478514437351,4.72478514437351,4.72478514437351,4.72478514437351,4.72478514437351,0.0,0.0,0.0,356.9163700024903
166,2020-08-28,354.026822295983,309.2308035996035,402.35519126058375,354.026822295983,354.026822295983,2.1872356016321763,2.1872356016321763,2.1872356016321763,2.1872356016321763,2.1872356016321763,2.1872356016321763,0.0,0.0,0.0,356.21405789761513
167,2020-08-31,359.53253460958166,314.86668506827044,415.19209486277094,359.53253460958166,359.53253460958166,4.480698481264002,4.480698481264002,4.480698481264002,4.480698481264002,4.480698481264002,4.480698481264002,0.0,0.0,0.0,364.0132330908457
168,2020-09-01,361.3677720474479,315.9780911936886,414.7318500820224,361.3677720474479,361.3677720474479,4.564475776253459,4.564475776253459,4.564475776253459,4.564475776253459,4.564475776253459,4.564475776253459,0.0,0.0,0.0,365.93224782370135
169,2020-09-02,363.20300948531417,321.08905969332994,418.644824177673,363.20300948531417,363.20300948531417,4.62644397600324,4.62644397600324,4.62644397600324,4.62644397600324,4.62644397600324,4.62644397600324,0.0,0.0,0.0,367.8294534613174
170,2020-09-03,364.93727873145906,321.3102011469161,414.70488939899144,364.93727873145906,364.93727873145906,4.7247851443769235,4.7247851443769235,4.7247851443769235,4.7247851443769235,4.7247851443769235,4.7247851443769235,0.0,0.0,0.0,369.662063875836
171,2020-09-04,366.6715479776038,321.37404507623177,418.29976827805626,366.6715479776038,366.6715479776038,2.1872356016322843,2.1872356016322843,2.1872356016322843,2.1872356016322843,2.1872356016322843,2.1872356016322843,0.0,0.0,0.0,368.85878357923605
172,2020-09-08,373.60862496218283,329.8482078003153,427.62052968927316,373.60862496218283,373.60862496218283,4.564475776251961,4.564475776251961,4.564475776251961,4.564475776251961,4.564475776251961,4.564475776251961,0.0,0.0,0.0,378.1731007384348
173,2020-09-09,375.3428942083276,332.1666628304286,425.8186681088381,375.3428942083276,375.3428942083276,4.626443976002195,4.626443976002195,4.626443976002195,4.626443976002195,4.626443976002195,4.626443976002195,0.0,0.0,0.0,379.9693381843298
174,2020-09-10,377.0771634544724,335.0039986190923,430.3836513772013,377.0771634544724,377.0771634544724,4.724785144371567,4.724785144371567,4.724785144371567,4.724785144371567,4.724785144371567,4.724785144371567,0.0,0.0,0.0,381.801948598844
175,2020-09-11,378.8114327006171,332.68635472868965,430.53488401656693,378.8114327006171,378.8114327006171,2.1872356016113286,2.1872356016113286,2.1872356016113286,2.1872356016113286,2.1872356016113286,2.1872356016113286,0.0,0.0,0.0,380.99866830222845
176,2020-09-14,384.01424043905155,339.81777534475833,439.7870626358502,384.01424043905155,384.01424043905155,4.480698481234873,4.480698481234873,4.480698481234873,4.480698481234873,4.480698481234873,4.480698481234873,0.0,0.0,0.0,388.4949389202864
177,2020-09-15,385.74850968519627,343.070589201815,440.5143231360992,385.74850968519627,385.74850968519627,4.564475776250464,4.564475776250464,4.564475776250464,4.564475776250464,4.564475776250464,4.564475776250464,0.0,0.0,0.0,390.3129854614467
178,2020-09-16,387.48277892071604,345.68168005625586,440.402996986331,387.48277892071604,387.48277892071604,4.626443976005222,4.626443976005222,4.626443976005222,4.626443976005222,4.626443976005222,4.626443976005222,0.0,0.0,0.0,392.1092228967213
179,2020-09-17,389.2170481562358,341.5832933029565,443.73289726894154,389.2170481562358,389.2170481562358,4.724785144374979,4.724785144374979,4.724785144374979,4.724785144374979,4.724785144374979,4.724785144374979,0.0,0.0,0.0,393.9418333006108
180,2020-09-18,390.9513173917557,349.08281215345926,441.94368718493433,390.9513173917557,390.9513173917557,2.1872356016114387,2.1872356016114387,2.1872356016114387,2.1872356016114387,2.1872356016114387,2.1872356016114387,0.0,0.0,0.0,393.13855299336717
181,2020-09-21,396.15412509831515,352.7712837821839,453.3531536170546,396.15412509831515,396.15412509831515,4.480698481237886,4.480698481237886,4.480698481237886,4.480698481237886,4.480698481237886,4.480698481237886,0.0,0.0,0.0,400.63482357955303
182,2020-09-22,397.8883943338349,356.4281820713787,454.52791942076544,397.8883943338349,397.8883943338349,4.564475776246935,4.564475776246935,4.564475776246935,4.564475776246935,4.564475776246935,4.564475776246935,0.0,0.0,0.0,402.45287011008185
183,2020-09-23,399.62266356935476,351.645003044239,449.6446865896,399.62266356935476,399.62266356935476,4.6264439760005045,4.6264439760005045,4.6264439760005045,4.6264439760005045,4.6264439760005045,4.6264439760005045,0.0,0.0,0.0,404.2491075453553
184,2020-09-24,401.3569328048746,359.04754915197276,456.05399184821835,401.3569328048746,401.3569328048746,4.72478514437839,4.72478514437839,4.72478514437839,4.72478514437839,4.72478514437839,4.72478514437839,0.0,0.0,0.0,406.081717949253
185,2020-09-25,403.0912020403945,356.01282741575017,453.15927260159214,403.0912020403945,403.0912020403945,2.1872356016452152,2.1872356016452152,2.1872356016452152,2.1872356016452152,2.1872356016452152,2.1872356016452152,0.0,0.0,0.0,405.2784376420397
186,2020-09-28,408.294009780366,364.5755831905893,461.0469911020002,408.294009780366,408.294009780366,4.4806984812466055,4.4806984812466055,4.4806984812466055,4.4806984812466055,4.4806984812466055,4.4806984812466055,0.0,0.0,0.0,412.77470826161266
187,2020-09-29,410.0282790270232,367.5007669005474,463.9793410151748,410.0282790270232,410.0282790270232,4.5644757762454375,4.5644757762454375,4.5644757762454375,4.5644757762454375,4.5644757762454375,4.5644757762454375,0.0,0.0,0.0,414.59275480326863
188,2020-09-30,411.76254827368035,369.5585166926894,466.1038400438786,411.76254827368035,411.76254827368035,4.6264439760035305,4.6264439760035305,4.6264439760035305,4.6264439760035305,4.6264439760035305,4.6264439760035305,0.0,0.0,0.0,416.3889922496839
189,2020-10-01,413.4968175203375,368.6555519476162,465.6546616811937,413.4968175203375,413.4968175203375,4.724785144381801,4.724785144381801,4.724785144381801,4.724785144381801,4.724785144381801,4.724785144381801,0.0,0.0,0.0,418.22160266471934
190,2020-10-02,415.23108676699474,371.8946175290161,462.5160609205883,415.23108676699474,415.23108676699474,2.1872356016453245,2.1872356016453245,2.1872356016453245,2.1872356016453245,2.1872356016453245,2.1872356016453245,0.0,0.0,0.0,417.4183223686401
191,2020-10-05,420.4338945069662,377.1498481458611,473.44872881914216,420.4338945069662,420.4338945069662,4.480698481255324,4.480698481255324,4.480698481255324,4.480698481255324,4.480698481255324,4.480698481255324,0.0,0.0,0.0,424.91459298822156
192,2020-10-06,422.16816375362345,376.2615325447758,477.12537446063163,422.16816375362345,422.16816375362345,4.564475776255493,4.564475776255493,4.564475776255493,4.564475776255493,4.564475776255493,4.564475776255493,0.0,0.0,0.0,426.73263952987895
193,2020-10-07,423.9024330002806,378.08920816499494,472.8940174588056,423.9024330002806,423.9024330002806,4.626443976006559,4.626443976006559,4.626443976006559,4.626443976006559,4.626443976006559,4.626443976006559,0.0,0.0,0.0,428.52887697628717
194,2020-10-08,425.63673774834155,381.9780748144168,476.2407475844249,425.63673774834155,425.63673774834155,4.724785144377219,4.724785144377219,4.724785144377219,4.724785144377219,4.724785144377219,4.724785144377219,0.0,0.0,0.0,430.36152289271877
195,2020-10-09,427.3710424964026,381.97554513257126,480.04411261323924,427.3710424964026,427.3710424964026,2.1872356016349013,2.1872356016349013,2.1872356016349013,2.1872356016349013,2.1872356016349013,2.1872356016349013,0.0,0.0,0.0,429.5582780980375
196,2020-10-12,432.57395674058563,390.02831190204415,484.91463838670705,432.57395674058563,432.57395674058563,4.480698481264042,4.480698481264042,4.480698481264042,4.480698481264042,4.480698481264042,4.480698481264042,0.0,0.0,0.0,437.05465522184966
197,2020-10-13,434.3082614886467,388.2372594141434,486.9816314138124,434.3082614886467,434.3082614886467,4.564475776253996,4.564475776253996,4.564475776253996,4.564475776253996,4.564475776253996,4.564475776253996,0.0,0.0,0.0,438.87273726490065
198,2020-10-14,436.0425662367076,393.34290570529095,490.85393905550495,436.0425662367076,436.0425662367076,4.626443976001641,4.626443976001641,4.626443976001641,4.626443976001641,4.626443976001641,4.626443976001641,0.0,0.0,0.0,440.6690102127093
199,2020-10-15,437.77687098476866,396.5495770986682,489.30159917655715,437.77687098476866,437.77687098476866,4.724785144388624,4.724785144388624,4.724785144388624,4.724785144388624,4.724785144388624,4.724785144388624,0.0,0.0,0.0,442.5016561291573
200,2020-10-16,439.5111757328296,395.86799763528523,489.1907371941514,439.5111757328296,439.5111757328296,2.1872356016244776,2.1872356016244776,2.1872356016244776,2.1872356016244776,2.1872356016244776,2.1872356016244776,0.0,0.0,0.0,441.6984113344541
201,2020-10-19,444.7140899770128,402.3672707707023,497.7919995920635,444.7140899770128,444.7140899770128,4.480698481267056,4.480698481267056,4.480698481267056,4.480698481267056,4.480698481267056,4.480698481267056,0.0,0.0,0.0,449.19478845827985
202,2020-10-20,447.3927343159781,406.821115814466,497.3511237001396,447.3927343159781,447.3927343159781,4.564475776251482,4.564475776251482,4.564475776251482,4.564475776251482,4.564475776251482,4.564475776251482,0.0,0.0,0.0,451.95721009222956
203,2020-10-21,450.07137865494315,408.5604703265031,501.20456722478656,450.07137865494315,450.07137865494315,4.626443976004669,4.626443976004669,4.626443976004669,4.626443976004669,4.626443976004669,4.626443976004669,0.0,0.0,0.0,454.6978226309478
204,2020-10-22,452.7500229939084,412.558634957446,505.5772185244768,452.7500229939084,452.7500229939084,4.724785144375276,4.724785144375276,4.724785144375276,4.724785144375276,4.724785144375276,4.724785144375276,0.0,0.0,0.0,457.47480813828366
205,2020-10-23,455.4286673328735,412.3577875218233,507.19232862993897,455.4286673328735,455.4286673328735,2.1872356016140544,2.1872356016140544,2.1872356016140544,2.1872356016140544,2.1872356016140544,2.1872356016140544,0.0,0.0,0.0,457.61590293448756
206,2020-10-26,463.46460034976906,419.4055669125244,515.8407261790429,463.46460034976906,463.46460034976906,4.480698481281479,4.480698481281479,4.480698481281479,4.480698481281479,4.480698481281479,4.480698481281479,0.0,0.0,0.0,467.94529883105054
207,2020-10-27,466.14324468873417,419.49079097871373,521.7825113507224,466.14324468873417,466.14324468873417,4.564475776248967,4.564475776248967,4.564475776248967,4.564475776248967,4.564475776248967,4.564475776248967,0.0,0.0,0.0,470.70772046498314
208,2020-10-28,468.8218890276994,427.48240405954044,520.6024401388461,468.8218890276994,468.8218890276994,4.626443975999951,4.626443975999951,4.626443975999951,4.626443975999951,4.626443975999951,4.626443975999951,0.0,0.0,0.0,473.44833300369936
209,2020-10-29,471.50053336666446,428.2090354555986,522.7494209868776,471.50053336666446,471.50053336666446,4.7247851443786875,4.7247851443786875,4.7247851443786875,4.7247851443786875,4.7247851443786875,4.7247851443786875,0.0,0.0,0.0,476.22531851104316
210,2020-10-30,474.17917770562974,431.77653262263203,522.8714243825438,474.17917770562974,474.17917770562974,2.187235601614163,2.187235601614163,2.187235601614163,2.187235601614163,2.187235601614163,2.187235601614163,0.0,0.0,0.0,476.36641330724393
211,2020-11-02,482.2151107225253,438.31272042359706,535.7033681918992,482.2151107225253,482.2151107225253,4.4806984812436275,4.4806984812436275,4.4806984812436275,4.4806984812436275,4.4806984812436275,4.4806984812436275,0.0,0.0,0.0,486.69580920376893
212,2020-11-03,484.89375506149037,441.5342352263432,535.9335015350396,484.89375506149037,484.89375506149037,4.5644757762464545,4.5644757762464545,4.5644757762464545,4.5644757762464545,4.5644757762464545,4.5644757762464545,0.0,0.0,0.0,489.45823083773683
213,2020-11-04,487.57239940045565,444.9839853455156,540.3015555484039,487.57239940045565,487.57239940045565,4.626443976002978,4.626443976002978,4.626443976002978,4.626443976002978,4.626443976002978,4.626443976002978,0.0,0.0,0.0,492.1988433764586
214,2020-11-05,490.2510437394207,446.6923404951374,541.899492453719,490.2510437394207,490.2510437394207,4.724785144374104,4.724785144374104,4.724785144374104,4.724785144374104,4.724785144374104,4.724785144374104,0.0,0.0,0.0,494.9758288837948
215,2020-11-06,492.929688078386,448.78311474322913,543.534643031382,492.929688078386,492.929688078386,2.1872356015932084,2.1872356015932084,2.1872356015932084,2.1872356015932084,2.1872356015932084,2.1872356015932084,0.0,0.0,0.0,495.1169236799792
216,2020-11-09,500.9656210952814,456.3459551810286,551.5131214629489,500.9656210952814,500.9656210952814,4.480698481252347,4.480698481252347,4.480698481252347,4.480698481252347,4.480698481252347,4.480698481252347,0.0,0.0,0.0,505.4463195765337
217,2020-11-10,503.6442654342466,463.0671477574543,555.6866075413141,503.6442654342466,503.6442654342466,4.5644757762565105,4.5644757762565105,4.5644757762565105,4.5644757762565105,4.5644757762565105,4.5644757762565105,0.0,0.0,0.0,508.20874121050315
218,2020-11-11,506.3229097732119,463.1210340138935,560.4680605795704,506.3229097732119,506.3229097732119,4.6264439760021325,4.6264439760021325,4.6264439760021325,4.6264439760021325,4.6264439760021325,4.6264439760021325,0.0,0.0,0.0,510.949353749214
219,2020-11-12,509.00155411217696,469.3610788614814,561.1837098821516,509.00155411217696,509.00155411217696,4.724785144369522,4.724785144369522,4.724785144369522,4.724785144369522,4.724785144369522,4.724785144369522,0.0,0.0,0.0,513.7263392565465
220,2020-11-13,511.6801984511422,466.7546522493472,560.1790788324328,511.6801984511422,511.6801984511422,2.1872356016375187,2.1872356016375187,2.1872356016375187,2.1872356016375187,2.1872356016375187,2.1872356016375187,0.0,0.0,0.0,513.8674340527797
221,2020-11-16,519.7161314680376,475.16748861329484,571.9602433932104,519.7161314680376,519.7161314680376,4.480698481255361,4.480698481255361,4.480698481255361,4.480698481255361,4.480698481255361,4.480698481255361,0.0,0.0,0.0,524.1968299492929
222,2020-11-17,522.3947758070027,476.6122155312198,576.2971863941318,522.3947758070027,522.3947758070027,4.564475776253996,4.564475776253996,4.564475776253996,4.564475776253996,4.564475776253996,4.564475776253996,0.0,0.0,0.0,526.9592515832567
223,2020-11-18,525.0734201459679,482.9771295461389,576.642511141423,525.0734201459679,525.0734201459679,4.626443976001088,4.626443976001088,4.626443976001088,4.626443976001088,4.626443976001088,4.626443976001088,0.0,0.0,0.0,529.699864121969
224,2020-11-19,527.752064484933,484.6057873933018,579.2599943108967,527.752064484933,527.752064484933,4.7247851443809274,4.7247851443809274,4.7247851443809274,4.7247851443809274,4.7247851443809274,4.7247851443809274,0.0,0.0,0.0,532.476849629314
225,2020-11-20,530.4307088238983,481.12058391054734,582.8756027544822,530.4307088238983,530.4307088238983,2.1872356016270946,2.1872356016270946,2.1872356016270946,2.1872356016270946,2.1872356016270946,2.1872356016270946,0.0,0.0,0.0,532.6179444255254
226,2020-11-23,538.4666418407938,494.36937288075677,584.8211691119337,538.4666418407938,538.4666418407938,4.480698481258376,4.480698481258376,4.480698481258376,4.480698481258376,4.480698481258376,4.480698481258376,0.0,0.0,0.0,542.9473403220522
227,2020-11-24,541.145286179759,498.1884334871747,590.8387760165144,541.145286179759,541.145286179759,4.564475776252499,4.564475776252499,4.564475776252499,4.564475776252499,4.564475776252499,4.564475776252499,0.0,0.0,0.0,545.7097619560114
228,2020-11-25,543.8239305187242,502.412851459262,596.2990126136602,543.8239305187242,543.8239305187242,4.6264439760002425,4.6264439760002425,4.6264439760002425,4.6264439760002425,4.6264439760002425,4.6264439760002425,0.0,0.0,0.0,548.4503744947244
229,2020-11-27,549.1812191966545,504.0252671319945,599.3449314297378,549.1812191966545,549.1812191966545,2.187235601616671,2.187235601616671,2.187235601616671,2.187235601616671,2.187235601616671,2.187235601616671,0.0,0.0,0.0,551.3684547982712
230,2020-11-30,557.21715221355,512.5997015932663,606.3422716591837,557.21715221355,557.21715221355,4.480698481272798,4.480698481272798,4.480698481272798,4.480698481272798,4.480698481272798,4.480698481272798,0.0,0.0,0.0,561.6978506948228
231,2020-12-01,559.8957965525152,518.5816039078846,611.1246629334418,559.8957965525152,559.8957965525152,4.564475776248969,4.564475776248969,4.564475776248969,4.564475776248969,4.564475776248969,4.564475776248969,0.0,0.0,0.0,564.4602723287642
232,2020-12-02,562.5744408914803,521.5733553307596,613.0032377097734,562.5744408914803,562.5744408914803,4.626443976003271,4.626443976003271,4.626443976003271,4.626443976003271,4.626443976003271,4.626443976003271,0.0,0.0,0.0,567.2008848674836
233,2020-12-03,565.2530852304455,522.2363249793771,619.9559510035347,565.2530852304455,565.2530852304455,4.724785144379757,4.724785144379757,4.724785144379757,4.724785144379757,4.724785144379757,4.724785144379757,0.0,0.0,0.0,569.9778703748253
234,2020-12-04,567.9317295694108,524.9717294121522,618.6694493924429,567.9317295694108,567.9317295694108,2.1872356016504493,2.1872356016504493,2.1872356016504493,2.1872356016504493,2.1872356016504493,2.1872356016504493,0.0,0.0,0.0,570.1189651710612
235,2020-12-07,575.9676625863062,533.3649686522223,628.816214381619,575.9676625863062,575.9676625863062,4.480698481246356,4.480698481246356,4.480698481246356,4.480698481246356,4.480698481246356,4.480698481246356,0.0,0.0,0.0,580.4483610675526
236,2020-12-08,578.6463069252715,533.540555372917,628.2632709435036,578.6463069252715,578.6463069252715,4.564475776247472,4.564475776247472,4.564475776247472,4.564475776247472,4.564475776247472,4.564475776247472,0.0,0.0,0.0,583.210782701519
237,2020-12-09,581.3249512642366,544.3279326771926,634.1893336720434,581.3249512642366,581.3249512642366,4.626443976002425,4.626443976002425,4.626443976002425,4.626443976002425,4.626443976002425,4.626443976002425,0.0,0.0,0.0,585.951395240239
238,2020-12-10,584.0035956032018,539.5031897713816,635.4424927830597,584.0035956032018,584.0035956032018,4.724785144374403,4.724785144374403,4.724785144374403,4.724785144374403,4.724785144374403,4.724785144374403,0.0,0.0,0.0,588.7283807475762
239,2020-12-11,586.6822399421669,542.1230929886178,635.5313810722924,586.6822399421669,586.6822399421669,2.187235601640027,2.187235601640027,2.187235601640027,2.187235601640027,2.187235601640027,2.187235601640027,0.0,0.0,0.0,588.869475543807
240,2020-12-14,594.7181729590625,553.7316560801484,648.3118602598548,594.7181729590625,594.7181729590625,4.48069848124937,4.48069848124937,4.48069848124937,4.48069848124937,4.48069848124937,4.48069848124937,0.0,0.0,0.0,599.1988714403119
241,2020-12-15,597.3968172980277,554.606801659658,651.6904916409432,597.3968172980277,597.3968172980277,4.564475776257527,4.564475776257527,4.564475776257527,4.564475776257527,4.564475776257527,4.564475776257527,0.0,0.0,0.0,601.9612930742852
242,2020-12-16,600.0754616369928,556.3136985330915,652.0869057803351,600.0754616369928,600.0754616369928,4.626443976005452,4.626443976005452,4.626443976005452,4.626443976005452,4.626443976005452,4.626443976005452,0.0,0.0,0.0,604.7019056129983
243,2020-12-17,602.754105975958,556.6634128628062,651.9103229410938,602.754105975958,602.754105975958,4.7247851443778135,4.7247851443778135,4.7247851443778135,4.7247851443778135,4.7247851443778135,4.7247851443778135,0.0,0.0,0.0,607.4788911203359
244,2020-12-18,605.4327503149232,557.0250519970253,653.4495883191242,605.4327503149232,605.4327503149232,2.187235601629603,2.187235601629603,2.187235601629603,2.187235601629603,2.187235601629603,2.187235601629603,0.0,0.0,0.0,607.6199859165528
245,2020-12-21,613.4686833318187,569.2556209095169,662.4012683288854,613.4686833318187,613.4686833318187,4.480698481252384,4.480698481252384,4.480698481252384,4.480698481252384,4.480698481252384,4.480698481252384,0.0,0.0,0.0,617.9493818130711
246,2020-12-22,616.1473276707837,574.5637111862998,667.3894423913734,616.1473276707837,616.1473276707837,4.564475776255014,4.564475776255014,4.564475776255014,4.564475776255014,4.564475776255014,4.564475776255014,0.0,0.0,0.0,620.7118034470387
247,2020-12-23,618.8259720097491,575.7185865463292,667.5596747444907,618.8259720097491,618.8259720097491,4.626443976000735,4.626443976000735,4.626443976000735,4.626443976000735,4.626443976000735,4.626443976000735,0.0,0.0,0.0,623.4524159857498
248,2020-12-24,621.5046163487141,579.4191100628507,673.9230182356284,621.5046163487141,621.5046163487141,4.724785144381225,4.724785144381225,4.724785144381225,4.724785144381225,4.724785144381225,4.724785144381225,0.0,0.0,0.0,626.2294014930953
249,2020-12-28,632.219193704575,590.0766848821389,685.0149310306274,632.219193704575,632.219193704575,4.480698481261102,4.480698481261102,4.480698481261102,4.480698481261102,4.480698481261102,4.480698481261102,0.0,0.0,0.0,636.6998921858361
250,2020-12-29,634.89783804354,588.9509576730109,687.2598342961013,634.89783804354,634.89783804354,4.5644757762524995,4.5644757762524995,4.5644757762524995,4.5644757762524995,4.5644757762524995,4.5644757762524995,0.0,0.0,0.0,639.4623138197925
251,2020-12-30,637.5764823825053,593.9436989907728,686.9698200312022,637.5764823825053,637.5764823825053,4.626443976003761,4.626443976003761,4.626443976003761,4.626443976003761,4.626443976003761,4.626443976003761,0.0,0.0,0.0,642.2029263585091
252,2020-12-31,640.2551267214703,601.4604608905197,693.4435625892701,640.2551267214703,640.2551267214703,4.724785144375869,4.724785144375869,4.724785144375869,4.724785144375869,4.724785144375869,4.724785144375869,0.0,0.0,0.0,644.9799118658462
253,2021-01-01,642.9337710604354,596.1833456606927,694.8856906932468,642.9337710604354,642.9337710604354,2.187235601629821,2.187235601629821,2.187235601629821,2.187235601629821,2.187235601629821,2.187235601629821,0.0,0.0,0.0,645.1210066620653
254,2021-01-02,645.6124153994007,586.0844316610957,685.6864678343757,645.6124153994007,645.6124153994007,-10.291820979157745,-10.291820979157745,-10.291820979157745,-10.291820979157745,-10.291820979157745,-10.291820979157745,0.0,0.0,0.0,635.320594420243
255,2021-01-03,648.2910597383658,588.7625091279195,683.8807886561044,648.2887786475361,648.2910597383658,-10.291818000326057,-10.291818000326057,-10.291818000326057,-10.291818000326057,-10.291818000326057,-10.291818000326057,0.0,0.0,0.0,637.9992417380397
256,2021-01-04,650.969704077331,605.9121542311553,701.0717429615869,650.9175337561828,651.0141023722463,4.48069848126982,4.48069848126982,4.48069848126982,4.48069848126982,4.48069848126982,4.48069848126982,0.0,0.0,0.0,655.4504025586008
257,2021-01-05,653.6483484162961,610.4041935559765,707.3179975750793,653.5161291349062,653.7644867015767,4.564475776251003,4.564475776251003,4.564475776251003,4.564475776251003,4.564475776251003,4.564475776251003,0.0,0.0,0.0,658.2128241925471
258,2021-01-06,656.3269927552614,613.4824870184142,706.0216415187406,656.1072682366497,656.5173585300022,4.626443976002716,4.626443976002716,4.626443976002716,4.626443976002716,4.626443976002716,4.626443976002716,0.0,0.0,0.0,660.9534367312641
259,2021-01-07,659.0056370942265,618.3601997275449,711.2391582926622,658.6410395762641,659.3004709204794,4.724785144371286,4.724785144371286,4.724785144371286,4.724785144371286,4.724785144371286,4.724785144371286,0.0,0.0,0.0,663.7304222385977
260,2021-01-08,661.6842814331917,612.4011649181574,717.8961872740502,661.1944118805699,662.0859673387172,2.1872356016193972,2.1872356016193972,2.1872356016193972,2.1872356016193972,2.1872356016193972,2.1872356016193972,0.0,0.0,0.0,663.8715170348111
261,2021-01-09,664.3629257721568,605.4237052109553,700.9167858697523,663.762539933679,664.9043592632606,-10.291820979161669,-10.291820979161669,-10.291820979161669,-10.291820979161669,-10.291820979161669,-10.291820979161669,0.0,0.0,0.0,654.0711047929951
262,2021-01-10,667.041570111122,612.9226865898574,707.9625622521304,666.3256886403564,667.6949557094828,-10.291818000362804,-10.291818000362804,-10.291818000362804,-10.291818000362804,-10.291818000362804,-10.291818000362804,0.0,0.0,0.0,656.7497521107592
263,2021-01-11,669.7202144500872,630.3446214503049,724.4370115794985,668.8659901631969,670.4822412189347,4.480698481237674,4.480698481237674,4.480698481237674,4.480698481237674,4.480698481237674,4.480698481237674,0.0,0.0,0.0,674.2009129313249
264,2021-01-12,672.3988587890525,631.9741914653516,723.9013288172282,671.4253760548792,673.3239206342852,4.564475776249505,4.564475776249505,4.564475776249505,4.564475776249505,4.564475776249505,4.564475776249505,0.0,0.0,0.0,676.963334565302
265,2021-01-13,675.0775031280177,629.6847216842195,729.9992124710647,673.9305503524411,676.1651836507525,4.6264439760018705,4.6264439760018705,4.6264439760018705,4.6264439760018705,4.6264439760018705,4.6264439760018705,0.0,0.0,0.0,679.7039471040196
266,2021-01-14,677.7561474669828,636.8093353668035,731.5325151347336,676.4332268037048,679.0157075599205,4.724785144382693,4.724785144382693,4.724785144382693,4.724785144382693,4.724785144382693,4.724785144382693,0.0,0.0,0.0,682.4809326113656
267,2021-01-15,680.434791805948,634.0404508524149,731.3475731721245,678.9348328480818,681.8633181093288,2.1872356016089736,2.1872356016089736,2.1872356016089736,2.1872356016089736,2.1872356016089736,2.1872356016089736,0.0,0.0,0.0,682.622027407557
268,2021-01-16,683.1134361449132,624.7775378315068,720.446822061783,681.4552928738179,684.7536879732227,-10.291820979176581,-10.291820979176581,-10.291820979176581,-10.291820979176581,-10.291820979176581,-10.291820979176581,0.0,0.0,0.0,672.8216151657366
269,2021-01-17,685.7920804838783,624.732251582716,720.2914766015349,683.9752143765346,687.6439589855815,-10.291818000357228,-10.291818000357228,-10.291818000357228,-10.291818000357228,-10.291818000357228,-10.291818000357228,0.0,0.0,0.0,675.500262483521
270,2021-01-18,688.4707248228435,646.4352487032886,743.1656328607938,686.5046121701293,690.5170728090116,4.4806984812406885,4.4806984812406885,4.4806984812406885,4.4806984812406885,4.4806984812406885,4.4806984812406885,0.0,0.0,0.0,692.9514233040842
271,2021-01-19,691.1493691618086,648.6199952670979,744.8584783640869,689.0349607851997,693.467655222987,4.564475776246993,4.564475776246993,4.564475776246993,4.564475776246993,4.564475776246993,4.564475776246993,0.0,0.0,0.0,695.7138449380557
272,2021-01-20,693.8280135007739,651.3962778203381,747.6084611713442,691.5632495545758,696.328294362214,4.626443976001026,4.626443976001026,4.626443976001026,4.626443976001026,4.626443976001026,4.626443976001026,0.0,0.0,0.0,698.4544574767749
273,2021-01-21,696.506657839739,653.1061267649313,743.7406277349598,694.0223908813733,699.2043137298981,4.72478514437811,4.72478514437811,4.72478514437811,4.72478514437811,4.72478514437811,4.72478514437811,0.0,0.0,0.0,701.231442984117
274,2021-01-22,699.1853021787042,652.3818189056688,749.6414552250051,696.4608103528593,702.0519016564452,2.187235601642752,2.187235601642752,2.187235601642752,2.187235601642752,2.187235601642752,2.187235601642752,0.0,0.0,0.0,701.372537780347
275,2021-01-23,701.8639465176693,644.8127208543386,736.2085832921821,698.911005457001,704.9154262303841,-10.291820979191488,-10.291820979191488,-10.291820979191488,-10.291820979191488,-10.291820979191488,-10.291820979191488,0.0,0.0,0.0,691.5721255384778
276,2021-01-24,704.5425908566345,646.2441651644868,735.9080175506302,701.2871216051434,707.8616203033546,-10.291818000342388,-10.291818000342388,-10.291818000342388,-10.291818000342388,-10.291818000342388,-10.291818000342388,0.0,0.0,0.0,694.2507728562922
277,2021-01-25,707.2212351955997,664.7436112160758,760.6587036215402,703.7132893628119,710.8788078851283,4.480698481255112,4.480698481255112,4.480698481255112,4.480698481255112,4.480698481255112,4.480698481255112,0.0,0.0,0.0,711.7019336768548
278,2021-01-26,709.8998795345649,663.69070770861,763.4985054402105,706.0665246235629,713.7969425867672,4.56447577624448,4.56447577624448,4.56447577624448,4.56447577624448,4.56447577624448,4.56447577624448,0.0,0.0,0.0,714.4643553108094
279,2021-01-27,712.5785238735299,671.6823186670051,765.7316636262489,708.41175191027,716.7445350796614,4.6264439759999805,4.6264439759999805,4.6264439759999805,4.6264439759999805,4.6264439759999805,4.6264439759999805,0.0,0.0,0.0,717.2049678495299
280,2021-01-28,715.2571682124952,672.1392936184774,768.2006389168995,710.7763571198037,719.6855772546786,4.7247851443815225,4.7247851443815225,4.7247851443815225,4.7247851443815225,4.7247851443815225,4.7247851443815225,0.0,0.0,0.0,719.9819533568767
281,2021-01-29,717.9358125514602,670.347763755388,768.5423109963108,713.2778766860077,722.5657108521709,2.1872356016428607,2.1872356016428607,2.1872356016428607,2.1872356016428607,2.1872356016428607,2.1872356016428607,0.0,0.0,0.0,720.1230481531031
282,2021-01-30,720.6144568904256,659.2228501380725,759.1022180626683,715.7907502728971,725.5335645256794,-10.291820979195412,-10.291820979195412,-10.291820979195412,-10.291820979195412,-10.291820979195412,-10.291820979195412,0.0,0.0,0.0,710.3226359112301
